{
    "uri": {
      "serviceBase": "/rest-ws/service",
      "searchBase": "/search",
      "contextBase": "/structure",
      "inboxBase": "/inboxservice",
      "bpmBase": "/bpm",
      "agentBase": "/agent",
      "statusBase": "/status",
      "loginBase": "/"
    },
    "search": {
      "searchMode": "idxs",
      "trackTotalHits": false,
      "limit": 50
    },
    "languages": [
      {
        "iso": "de",
        "label": "Deutsch"
      },
      {
        "iso": "en",
        "label": "English",
        "fallback": true
      }
    ],
    "preview": {
      "fileSizeLimit": 10485760,
      "viewers": [
      ]
    },
    "docu": {
      "link": "https://help.optimal-systems.com/yuuvisRAD/v100/admin/###userLang###/administration/home_administration.htm",
      "label": "yrm.app.appbar.help"
    },
    "about": {
      "productName": "yuuvis® RAD",
      "componentName": "yuuvis® RAD management-studio-ng",
      "customerName": "OPTIMAL SYSTEMS GmbH"
    },
    "dashboardBackgroundImage": "./assets/_default/theme/bgr_dashboard.jpg",
    "dashboardTitle": "yuuvis® RAD management studio ng",
    "sideBarHeaderImage": "./assets/_default/theme/bgr_sidebar.jpg",
    "navBarLogo":"./assets/_default/theme/logo.svg",
    "dashboardAppBarBackground": "transparent",
    "dashboardAppBarColor": "white",
    "appLogo": "./assets/_default/theme/splash.svg",
    "favicon": "assets/_default/theme/favicon.ico"
}
